{
  "project_info": {
    "project_number": "857619831418",
    "project_id": "mycabshare-2da6b",
    "storage_bucket": "mycabshare-2da6b.appspot.com"
  },
  "client": [
    {
      "client_info": {
        "mobilesdk_app_id": "1:857619831418:android:852dfc3b888a94bc23b9c3",
        "android_client_info": {
          "package_name": "com.example.driverapp"
        }
      },
      "oauth_client": [
        {
          "client_id": "857619831418-hj7hnmnb9q1oq5k258p6sjvefruu6r5r.apps.googleusercontent.com",
          "client_type": 1,
          "android_info": {
            "package_name": "com.example.driverapp",
            "certificate_hash": "59f7bf5f922d161ff3f274271a2e4802c5d29872"
          }
        },
        {
          "client_id": "857619831418-kqsfc1gld39eb2p4u96hhoonak655ua6.apps.googleusercontent.com",
          "client_type": 3
        }
      ],
      "api_key": [
        {
          "current_key": "AIzaSyCftheOKQyzHWUZUE2-SINerycwp737qHU"
        }
      ],
      "services": {
        "appinvite_service": {
          "other_platform_oauth_client": [
            {
              "client_id": "857619831418-kqsfc1gld39eb2p4u96hhoonak655ua6.apps.googleusercontent.com",
              "client_type": 3
            }
          ]
        }
      }
    },
    {
      "client_info": {
        "mobilesdk_app_id": "1:857619831418:android:f7caf448d4b55fe823b9c3",
        "android_client_info": {
          "package_name": "com.example.mycabshare"
        }
      },
      "oauth_client": [
        {
          "client_id": "857619831418-ba5govskg4a9gncln9d4haqtrs183tuq.apps.googleusercontent.com",
          "client_type": 1,
          "android_info": {
            "package_name": "com.example.mycabshare",
            "certificate_hash": "59f7bf5f922d161ff3f274271a2e4802c5d29872"
          }
        },
        {
          "client_id": "857619831418-kqsfc1gld39eb2p4u96hhoonak655ua6.apps.googleusercontent.com",
          "client_type": 3
        }
      ],
      "api_key": [
        {
          "current_key": "AIzaSyCftheOKQyzHWUZUE2-SINerycwp737qHU"
        }
      ],
      "services": {
        "appinvite_service": {
          "other_platform_oauth_client": [
            {
              "client_id": "857619831418-kqsfc1gld39eb2p4u96hhoonak655ua6.apps.googleusercontent.com",
              "client_type": 3
            }
          ]
        }
      }
    }
  ],
  "configuration_version": "1"
}